email_id,client_id,date,emails_sent,open_rate,click_rate,subject_line
E001,C101,2024-12-01,10000,0.25,0.08,Winter Deals Inside!
E001,C101,2024-12-02,10500,0.26,0.09,Flash Sale 24H
E002,C102,2024-12-01,15000,0.3,0.1,Exclusive Beta Access
E003,C103,2024-12-01,9000,0.22,0.06,Getaway Discounts Just for You
E70317,C106,2024-12-01,23821,0.31,0.15,Pre-emptive hybrid secured line particular
E70317,C106,2024-12-01,41957,0.28,0.06,Profit-focused systemic orchestration space
E46176,C108,2024-12-01,24722,0.47,0.21,Cross-platform bandwidth-monitored projection large
E74428,C108,2024-12-01,11010,0.31,0.16,Distributed bandwidth-monitored system engine interest
E82790,C108,2024-12-01,30679,0.43,0.25,Fundamental web-enabled matrices local
E70317,C106,2024-12-02,24459,0.49,0.07,Pre-emptive regional toolset dark
E99683,C107,2024-12-02,23770,0.25,0.06,Sharable content-based info-mediaries response
E27453,C104,2024-12-03,47497,0.49,0.22,Pre-emptive mission-critical productivity country
E99683,C107,2024-12-03,13793,0.37,0.11,Phased actuating hierarchy action
E56283,C112,2024-12-03,23009,0.2,0.07,Function-based composite architecture interest
E56283,C112,2024-12-03,43843,0.36,0.13,Progressive fault-tolerant budgetary management leader
E56283,C112,2024-12-03,15564,0.36,0.14,User-friendly dedicated customer loyalty to
E43659,C103,2024-12-03,17631,0.27,0.1,Business-focused 6thgeneration frame between
E43659,C103,2024-12-03,29065,0.2,0.07,Realigned multi-tasking frame chance
E12549,C103,2024-12-03,44223,0.26,0.12,Diverse zero tolerance access special
E37448,C113,2024-12-03,39975,0.47,0.12,Monitored leadingedge architecture evidence
E37448,C113,2024-12-03,49952,0.45,0.16,De-engineered zero administration ability pretty
E37448,C113,2024-12-03,15945,0.29,0.15,Automated clear-thinking policy effect
E002,C102,2024-12-04,12648,0.2,0.08,Right-sized bi-directional standardization store
E74019,C102,2024-12-04,45791,0.29,0.17,Configurable maximized structure industry
E81165,C107,2024-12-04,41993,0.3,0.17,Fully-configurable modular help-desk poor
E79671,C107,2024-12-04,18002,0.4,0.22,Multi-lateral well-modulated projection property
E28198,C107,2024-12-04,42433,0.45,0.07,Streamlined stable moderator budget
E84303,C105,2024-12-04,27907,0.33,0.12,Reactive 3rdgeneration projection decision
E41133,C105,2024-12-04,37030,0.33,0.08,Mandatory grid-enabled functionalities shake
E84303,C105,2024-12-04,30208,0.47,0.11,Reverse-engineered foreground strategy glass
E15700,C108,2024-12-04,44698,0.26,0.11,Re-engineered attitude-oriented firmware special
E62752,C101,2024-12-04,38102,0.49,0.22,Adaptive next generation encryption democratic
E62752,C101,2024-12-04,42014,0.41,0.17,Switchable exuding matrices brother
E70317,C106,2024-12-04,26717,0.39,0.15,Digitized 6thgeneration capability kid
E52305,C106,2024-12-04,44389,0.39,0.17,Phased dedicated circuit money
E001,C101,2024-12-05,34326,0.33,0.12,Diverse well-modulated extranet capital
E10656,C113,2024-12-05,28657,0.28,0.06,Integrated fault-tolerant Local Area Network doctor
E29135,C113,2024-12-05,23356,0.28,0.13,Public-key composite portal husband
E49979,C113,2024-12-05,47601,0.47,0.27,Function-based scalable framework customer
E52228,C106,2024-12-05,24585,0.49,0.22,Fundamental value-added array over
E48364,C109,2024-12-05,11745,0.32,0.21,Mandatory solution-oriented flexibility road
E62689,C109,2024-12-05,39822,0.39,0.07,Face-to-face bi-directional implementation cost
E84303,C105,2024-12-05,41075,0.22,0.11,Multi-layered holistic framework short
E44226,C105,2024-12-05,20110,0.21,0.12,Organic responsive forecast hand
E41133,C105,2024-12-05,47358,0.44,0.28,Profound radical definition president
E75278,C109,2024-12-06,48021,0.27,0.16,Integrated zero tolerance protocol property
E91061,C110,2024-12-06,31571,0.26,0.12,Open-architected high-level implementation shake
E82717,C110,2024-12-06,28940,0.34,0.08,Total zero-defect strategy clear
E55197,C110,2024-12-06,12385,0.45,0.2,Innovative solution-oriented function item
E44226,C105,2024-12-06,30461,0.24,0.11,Multi-lateral intermediate definition play
E59122,C105,2024-12-06,47955,0.35,0.16,Self-enabling bandwidth-monitored throughput son
E62515,C106,2024-12-06,39042,0.33,0.13,Profit-focused national knowledge user lay
E62515,C106,2024-12-06,33701,0.48,0.16,Cloned hybrid throughput shake
E27453,C104,2024-12-06,18378,0.29,0.12,Assimilated empowering toolset although
E10471,C104,2024-12-06,18936,0.47,0.21,Sharable 3rdgeneration strategy key
E89455,C105,2024-12-07,14276,0.37,0.15,Distributed holistic monitoring have
E84303,C105,2024-12-07,44380,0.36,0.21,Face-to-face zero administration array face
E68856,C105,2024-12-07,48497,0.27,0.1,Enterprise-wide high-level focus group open
E74019,C102,2024-12-07,20868,0.39,0.2,Adaptive multi-tasking attitude support
E83290,C110,2024-12-07,47091,0.22,0.06,Balanced object-oriented challenge drop
E003,C103,2024-12-07,11748,0.4,0.18,Reduced leadingedge success room
E30475,C103,2024-12-07,37481,0.35,0.13,Synergized real-time paradigm pick
E94429,C112,2024-12-07,21651,0.39,0.1,Extended responsive task-force approach
E43112,C109,2024-12-07,47608,0.26,0.08,User-centric executive benchmark push
E43112,C109,2024-12-07,20023,0.38,0.18,Multi-tiered 4thgeneration paradigm interest
E62689,C109,2024-12-07,14755,0.23,0.14,Persistent actuating firmware air
E58805,C106,2024-12-08,39645,0.32,0.16,Future-proofed content-based framework market
E77708,C106,2024-12-08,47593,0.35,0.2,Balanced grid-enabled moderator culture
E70055,C106,2024-12-08,49079,0.46,0.22,Enhanced intermediate intranet catch
E29493,C111,2024-12-09,36859,0.28,0.06,Upgradable value-added contingency either
E29493,C111,2024-12-09,41914,0.39,0.17,Fundamental full-range software offer
E82790,C108,2024-12-09,44083,0.37,0.1,Proactive transitional support visit
E82790,C108,2024-12-09,21546,0.21,0.06,Triple-buffered grid-enabled initiative else
E15700,C108,2024-12-09,46549,0.26,0.05,Reverse-engineered didactic open architecture lay
E99683,C107,2024-12-09,41007,0.36,0.21,Down-sized bi-directional algorithm either
E60544,C107,2024-12-09,27110,0.49,0.22,Virtual upward-trending utilization without
E001,C101,2024-12-09,26195,0.46,0.11,Profit-focused leadingedge knowledge user collection
E55971,C101,2024-12-09,12934,0.36,0.05,Versatile bandwidth-monitored definition indicate
E59122,C105,2024-12-09,22365,0.33,0.14,Fundamental coherent solution American
E68856,C105,2024-12-09,40263,0.25,0.14,Business-focused mobile workforce new
E48544,C105,2024-12-09,11406,0.3,0.19,De-engineered incremental structure fear
E56283,C112,2024-12-09,28746,0.48,0.08,Stand-alone holistic superstructure cell
E94429,C112,2024-12-09,33528,0.46,0.12,Compatible encompassing throughput talk
E63601,C108,2024-12-10,26453,0.35,0.14,Business-focused impactful process improvement public
E73082,C107,2024-12-10,49822,0.39,0.08,Multi-layered regional pricing structure here
E60544,C107,2024-12-10,28997,0.25,0.12,Compatible didactic product actually
E22562,C107,2024-12-10,18955,0.48,0.05,Programmable system-worthy knowledgebase guess
E26861,C104,2024-12-10,36592,0.45,0.09,Enterprise-wide system-worthy conglomeration your
E55971,C101,2024-12-10,34592,0.27,0.13,Networked actuating access political
E22562,C107,2024-12-11,22538,0.27,0.11,User-centric user-facing time-frame activity
E62752,C101,2024-12-11,34964,0.21,0.07,Realigned multi-tasking software already
E99997,C101,2024-12-11,26179,0.24,0.05,Function-based impactful portal his
E55971,C101,2024-12-11,30418,0.44,0.17,Profound incremental product cold
E20627,C104,2024-12-11,18707,0.47,0.24,Up-sized discrete pricing structure as
E38308,C102,2024-12-11,30348,0.37,0.14,Polarized encompassing firmware owner
E74019,C102,2024-12-11,46147,0.27,0.1,Front-line demand-driven monitoring building
E74019,C102,2024-12-11,30369,0.22,0.1,Streamlined actuating customer loyalty control
E71499,C110,2024-12-11,21738,0.36,0.08,Right-sized intangible alliance how
E77913,C110,2024-12-11,49612,0.42,0.1,Up-sized context-sensitive leverage loss
E61448,C110,2024-12-11,29251,0.36,0.16,Extended logistical productivity four
E56721,C108,2024-12-11,44788,0.35,0.17,Open-architected attitude-oriented application meeting
E82790,C108,2024-12-11,44827,0.29,0.09,Decentralized regional approach red
E79086,C108,2024-12-11,42039,0.32,0.07,Polarized homogeneous projection gun
E98143,C109,2024-12-12,19192,0.3,0.07,Advanced uniform moratorium nice
E89895,C109,2024-12-12,17351,0.35,0.08,Progressive background utilization speech
E98143,C109,2024-12-12,46174,0.38,0.19,Assimilated 5thgeneration groupware rest
E29493,C111,2024-12-12,11430,0.25,0.09,Multi-lateral solution-oriented artificial intelligence concern
E29493,C111,2024-12-12,29715,0.35,0.08,Integrated executive contingency unit
E29493,C111,2024-12-12,36431,0.4,0.16,Monitored client-server product tend
E48544,C105,2024-12-12,34546,0.47,0.08,Synergized homogeneous strategy such
E12075,C112,2024-12-12,21793,0.37,0.14,Total upward-trending standardization economy
E12075,C112,2024-12-12,38916,0.29,0.09,Persevering 24hour hub trip
E25488,C112,2024-12-12,41692,0.42,0.15,Robust national data-warehouse travel
E37944,C111,2024-12-13,37458,0.47,0.27,Future-proofed high-level artificial intelligence house
E26497,C111,2024-12-13,20874,0.37,0.11,Persistent tangible open system bit
E60544,C107,2024-12-13,32708,0.38,0.06,Sharable asynchronous definition let
E48364,C109,2024-12-13,32523,0.21,0.08,Stand-alone hybrid frame whatever
E11393,C109,2024-12-13,41587,0.39,0.21,Switchable mission-critical standardization some
E63601,C108,2024-12-13,30146,0.39,0.05,Stand-alone neutral process improvement training
E79086,C108,2024-12-13,21538,0.31,0.06,Profound systemic capability realize
E46470,C106,2024-12-14,11165,0.44,0.13,Secured 24hour moderator store
E62752,C101,2024-12-14,47285,0.44,0.06,Front-line directional encryption catch
E001,C101,2024-12-14,10923,0.29,0.13,Ergonomic systemic knowledge user from
E55971,C101,2024-12-14,33634,0.23,0.06,De-engineered scalable utilization big
E59122,C105,2024-12-14,30561,0.32,0.12,Quality-focused stable instruction set player
E84303,C105,2024-12-14,19083,0.45,0.23,Diverse content-based knowledge user happy
E89455,C105,2024-12-14,21870,0.47,0.07,User-friendly background benchmark next
E16653,C111,2024-12-14,19523,0.45,0.15,User-friendly fault-tolerant Graphic Interface view
E35308,C102,2024-12-15,45563,0.5,0.18,Up-sized 24hour application him
E003,C103,2024-12-15,47215,0.21,0.08,Centralized bi-directional infrastructure organization
E70329,C103,2024-12-15,41650,0.5,0.16,Networked impactful policy style
E16653,C111,2024-12-15,39613,0.47,0.21,Horizontal attitude-oriented conglomeration ground
E88153,C111,2024-12-15,12843,0.25,0.07,Reverse-engineered non-volatile secured line southern
E37944,C111,2024-12-15,39291,0.37,0.14,Synergistic contextually-based superstructure action
E15700,C108,2024-12-15,12387,0.45,0.23,Monitored asymmetric paradigm us
E79086,C108,2024-12-16,30718,0.42,0.19,Expanded attitude-oriented frame nor
E74019,C102,2024-12-16,20683,0.4,0.11,Optimized discrete system engine weight
E38308,C102,2024-12-16,27611,0.29,0.11,Phased real-time attitude civil
E98611,C101,2024-12-16,48827,0.33,0.07,Managed incremental paradigm computer
E99997,C101,2024-12-16,25484,0.42,0.23,Cross-group impactful functionalities whatever
E15746,C104,2024-12-16,22794,0.26,0.05,Enterprise-wide even-keeled emulation single
E28718,C103,2024-12-16,36236,0.3,0.09,Reactive systemic Graphical User Interface toward
E58805,C106,2024-12-17,45088,0.22,0.08,Managed dedicated emulation indicate
E62515,C106,2024-12-17,35335,0.48,0.1,Visionary eco-centric encoding hotel
E61448,C110,2024-12-17,17014,0.47,0.05,Down-sized encompassing contingency garden
E89455,C105,2024-12-17,29196,0.3,0.13,Function-based transitional firmware focus
E21620,C105,2024-12-17,49760,0.27,0.06,Face-to-face asymmetric middleware feeling
E46572,C112,2024-12-17,49647,0.39,0.17,Customer-focused radical infrastructure quickly
E001,C101,2024-12-17,48253,0.27,0.07,Adaptive intangible contingency finally
E49979,C113,2024-12-18,25540,0.37,0.18,Phased 6thgeneration budgetary management low
E55971,C101,2024-12-18,18154,0.28,0.06,Persistent exuding instruction set prevent
E27435,C101,2024-12-18,49465,0.3,0.07,Robust stable challenge budget
E001,C101,2024-12-18,19630,0.21,0.1,Open-source empowering strategy so
E37757,C104,2024-12-18,34615,0.48,0.23,Enterprise-wide system-worthy hardware also
E72496,C104,2024-12-18,10760,0.46,0.09,Expanded value-added capacity truth
E18468,C104,2024-12-18,18248,0.39,0.1,Adaptive bottom-line customer loyalty summer
E90243,C112,2024-12-18,40059,0.37,0.1,Multi-channeled optimal standardization example
E94429,C112,2024-12-18,38371,0.26,0.07,Integrated solution-oriented knowledgebase strategy
E88095,C112,2024-12-18,42015,0.37,0.11,Total maximized functionalities else
E28479,C111,2024-12-18,48652,0.39,0.14,Pre-emptive full-range product son
E30475,C103,2024-12-19,15796,0.48,0.08,Monitored 3rdgeneration middleware garden
E43659,C103,2024-12-19,15561,0.29,0.12,Face-to-face leadingedge data-warehouse our
E78393,C103,2024-12-19,22961,0.49,0.08,Enhanced 24hour conglomeration able
E84180,C112,2024-12-19,42383,0.28,0.06,Phased cohesive task-force say
E29135,C113,2024-12-19,45993,0.31,0.06,Enterprise-wide mobile framework member
E76152,C113,2024-12-19,46005,0.45,0.14,Open-architected dynamic paradigm author
E89686,C113,2024-12-19,17505,0.44,0.22,Total real-time moderator cell
E34372,C106,2024-12-20,17482,0.38,0.14,Profit-focused web-enabled matrix notice
E62515,C106,2024-12-20,29332,0.41,0.23,Upgradable intermediate help-desk cold
E59829,C113,2024-12-20,15846,0.22,0.09,Ergonomic background open architecture then
E40191,C101,2024-12-20,27960,0.28,0.14,Sharable exuding hub pull
E55971,C101,2024-12-20,38423,0.44,0.17,Profound executive hierarchy network
E27435,C101,2024-12-20,47461,0.46,0.11,Function-based clear-thinking protocol manager
E82790,C108,2024-12-20,18676,0.24,0.08,Synergized local complexity guess
E36554,C108,2024-12-21,18426,0.43,0.06,Extended eco-centric product such
E36554,C108,2024-12-21,33868,0.25,0.13,Open-source global implementation popular
E25385,C113,2024-12-21,24794,0.2,0.05,Integrated motivating open architecture standard
E25488,C112,2024-12-21,39520,0.27,0.09,Robust disintermediate structure point
E79671,C107,2024-12-21,23206,0.42,0.17,Cross-group cohesive methodology administration
E22562,C107,2024-12-21,36440,0.3,0.1,Decentralized multi-state attitude such
E30475,C103,2024-12-21,39306,0.46,0.11,Polarized holistic matrix water
E43659,C103,2024-12-22,34547,0.49,0.21,Distributed solution-oriented system engine mother
E35642,C103,2024-12-22,12217,0.37,0.07,Organized national open system executive
E70653,C105,2024-12-22,40207,0.34,0.14,Assimilated asynchronous encoding health
E29493,C111,2024-12-22,30677,0.48,0.2,Switchable client-server methodology relate
E83699,C107,2024-12-22,35481,0.47,0.14,Expanded 5thgeneration adapter face
E40191,C101,2024-12-22,37188,0.23,0.06,Visionary responsive structure number
E29493,C111,2024-12-23,13831,0.49,0.28,Re-engineered asymmetric circuit organization
E29493,C111,2024-12-23,20416,0.37,0.06,Customizable analyzing instruction set arrive
E28198,C107,2024-12-23,49045,0.42,0.2,Optimized stable website expect
E99683,C107,2024-12-23,29381,0.25,0.09,Customer-focused well-modulated hub beautiful
E51968,C107,2024-12-23,26430,0.32,0.11,Sharable holistic Local Area Network on
E30475,C103,2024-12-23,37265,0.4,0.12,Profit-focused grid-enabled project future
E70526,C103,2024-12-23,37416,0.3,0.14,Secured interactive forecast lose
E56780,C103,2024-12-23,42410,0.44,0.15,Organized actuating hub feeling
E44450,C110,2024-12-23,29352,0.39,0.13,Ergonomic coherent array final
E44450,C110,2024-12-23,45469,0.32,0.16,Secured reciprocal superstructure mean
E002,C102,2024-12-23,32816,0.2,0.06,Upgradable hybrid collaboration eight
E002,C102,2024-12-23,31708,0.31,0.07,Digitized zero-defect attitude campaign
E35308,C102,2024-12-23,38468,0.29,0.07,Function-based zero tolerance attitude local
E90243,C112,2024-12-24,41198,0.45,0.21,Progressive next generation parallelism impact
E73642,C112,2024-12-24,46720,0.43,0.16,Managed interactive alliance whose
E67358,C101,2024-12-24,20888,0.22,0.1,Balanced leadingedge initiative particularly
E42414,C101,2024-12-24,29894,0.5,0.15,Compatible even-keeled productivity see
E001,C101,2024-12-24,38068,0.26,0.13,Switchable tertiary concept growth
E70738,C110,2024-12-24,34595,0.34,0.09,Ameliorated scalable functionalities recognize
E81462,C110,2024-12-24,22185,0.3,0.08,Switchable scalable artificial intelligence which
E18533,C110,2024-12-24,41973,0.41,0.12,Robust client-server product approach
E89686,C113,2024-12-25,20986,0.26,0.1,Optional methodical capability four
E63506,C110,2024-12-25,26896,0.38,0.17,Sharable client-driven function beat
E83290,C110,2024-12-25,44775,0.41,0.09,Streamlined needs-based help-desk similar
E34372,C106,2024-12-25,49423,0.38,0.18,Polarized tertiary focus group tough
E36089,C106,2024-12-26,38668,0.38,0.1,Profit-focused value-added strategy term
E15700,C108,2024-12-26,24027,0.29,0.08,Ergonomic multi-tasking installation see
E74428,C108,2024-12-26,48456,0.21,0.06,Synchronized user-facing encoding conference
E60007,C113,2024-12-26,15413,0.28,0.12,Compatible global instruction set especially
E20530,C113,2024-12-26,20319,0.22,0.07,Digitized heuristic flexibility exactly
E10656,C113,2024-12-26,10073,0.44,0.17,Managed discrete Local Area Network business
E37944,C111,2024-12-27,40311,0.43,0.2,Team-oriented impactful frame must
E37944,C111,2024-12-27,34983,0.22,0.1,Multi-tiered background protocol believe
E87167,C106,2024-12-27,14929,0.21,0.1,Organized 3rdgeneration orchestration to
E77708,C106,2024-12-27,12938,0.32,0.1,Fundamental discrete protocol onto
E99683,C107,2024-12-28,25503,0.43,0.18,Expanded zero tolerance concept together
E99683,C107,2024-12-28,49364,0.5,0.09,Inverse bi-directional pricing structure practice
E83290,C110,2024-12-28,12125,0.29,0.05,Fully-configurable exuding software conference
E44450,C110,2024-12-28,34542,0.23,0.11,Upgradable exuding capacity least
E82717,C110,2024-12-28,37633,0.28,0.16,Re-engineered 4thgeneration function service
E82026,C105,2024-12-28,29391,0.23,0.09,Inverse modular structure throughout
E001,C101,2024-12-28,22654,0.35,0.1,Digitized systemic concept apply
E98386,C112,2024-12-29,12853,0.48,0.07,Mandatory human-resource moratorium herself
E12356,C108,2024-12-29,34015,0.37,0.12,Organic incremental throughput ground
E46176,C108,2024-12-29,47848,0.4,0.08,Re-engineered local leverage three
E50347,C108,2024-12-29,11655,0.44,0.05,Cross-platform web-enabled strategy kitchen
E36437,C101,2024-12-29,48569,0.42,0.18,Reactive cohesive budgetary management account
E27435,C101,2024-12-29,17167,0.21,0.11,Reduced intangible intranet third
E93527,C111,2024-12-29,40998,0.44,0.19,Team-oriented global synergy generation
E93527,C111,2024-12-29,13251,0.21,0.08,Expanded human-resource intranet that
E93174,C113,2024-12-29,47423,0.37,0.07,Sharable web-enabled budgetary management listen
E20530,C113,2024-12-29,36412,0.36,0.11,Universal client-server project cup
E10656,C113,2024-12-29,10002,0.27,0.12,Ergonomic analyzing portal professor
E29493,C111,2024-12-30,41276,0.36,0.08,De-engineered multi-state matrices already
E16653,C111,2024-12-30,15812,0.48,0.2,Reactive composite circuit try
E81462,C110,2024-12-30,19015,0.37,0.11,Progressive stable projection nor
E91792,C110,2024-12-30,40819,0.2,0.08,Cloned fault-tolerant definition care
E12607,C110,2024-12-30,46336,0.3,0.08,Streamlined asymmetric success occur
E86267,C101,2024-12-30,41536,0.35,0.15,Cross-group 3rdgeneration toolset gas
E83730,C101,2024-12-30,23582,0.45,0.2,Cross-platform contextually-based orchestration recent
E38308,C102,2024-12-30,28745,0.22,0.09,Polarized tertiary flexibility air
E002,C102,2024-12-30,24811,0.28,0.06,Assimilated heuristic methodology forward
E002,C102,2024-12-30,22428,0.28,0.06,Reverse-engineered user-facing frame recent
E58805,C106,2024-12-30,26243,0.43,0.25,Re-engineered hybrid Internet solution forward
E98831,C106,2024-12-30,47750,0.27,0.06,Future-proofed bi-directional help-desk choose
E78248,C106,2024-12-30,27116,0.45,0.17,Balanced transitional definition life
E59829,C113,2024-12-31,19037,0.24,0.11,Advanced didactic moderator site
E12966,C113,2024-12-31,35705,0.28,0.13,Fully-configurable context-sensitive strategy leader
E12075,C112,2024-12-31,38447,0.32,0.15,Face-to-face logistical frame contain
E73642,C112,2024-12-31,48842,0.31,0.16,Reverse-engineered discrete task-force artist
E75278,C109,2024-12-31,27723,0.27,0.1,Open-architected mobile challenge pass
E10934,C109,2024-12-31,43795,0.48,0.1,Configurable didactic instruction set second
E002,C102,2024-12-31,43337,0.32,0.14,Distributed static focus group such
E14211,C102,2024-12-31,44097,0.27,0.06,Ergonomic client-driven policy matter
E56622,C111,2024-12-31,25514,0.25,0.11,Optional 24/7 moratorium particularly
E31334,C103,2025-01-01,11789,0.22,0.09,Organic executive collaboration why
E52750,C103,2025-01-01,36373,0.37,0.06,Enterprise-wide multi-state hardware again
E10934,C109,2025-01-01,37983,0.48,0.11,Business-focused exuding support sing
E10934,C109,2025-01-01,35802,0.22,0.07,Integrated fault-tolerant projection Congress
E62689,C109,2025-01-01,19877,0.27,0.08,Multi-lateral global complexity understand
E53148,C108,2025-01-01,47743,0.32,0.07,Profit-focused discrete Graphical User Interface low
E25215,C107,2025-01-01,48361,0.41,0.05,Upgradable clear-thinking contingency evidence
E73082,C107,2025-01-01,13822,0.46,0.06,Function-based reciprocal conglomeration result
E002,C102,2025-01-01,13559,0.38,0.12,Business-focused eco-centric initiative quickly
E61453,C102,2025-01-01,29825,0.49,0.12,Profit-focused regional data-warehouse control
E35308,C102,2025-01-01,29709,0.4,0.09,Synergistic multimedia challenge become
E98386,C112,2025-01-02,19399,0.38,0.1,Compatible even-keeled task-force trial
E25488,C112,2025-01-02,20932,0.44,0.12,Horizontal uniform middleware treat
E50347,C108,2025-01-02,44476,0.49,0.1,Phased zero tolerance methodology answer
E36582,C102,2025-01-02,27539,0.35,0.07,Re-contextualized contextually-based secured line to
E20627,C104,2025-01-02,49792,0.49,0.13,Operative 6thgeneration functionalities painting
E25385,C113,2025-01-02,14775,0.23,0.09,Business-focused discrete artificial intelligence garden
E25385,C113,2025-01-02,34393,0.33,0.17,Face-to-face 5thgeneration open system care
E49979,C113,2025-01-02,42178,0.32,0.13,Organic eco-centric open architecture them
E73642,C112,2025-01-03,10691,0.39,0.09,Stand-alone clear-thinking approach night
E90243,C112,2025-01-03,20863,0.41,0.23,Public-key attitude-oriented open system mind
E16452,C112,2025-01-03,28080,0.28,0.14,Upgradable logistical hardware stage
E13283,C105,2025-01-03,16361,0.38,0.1,Down-sized solution-oriented solution part
E51391,C105,2025-01-03,36203,0.35,0.08,Business-focused optimizing benchmark pull
E44226,C105,2025-01-03,17344,0.39,0.19,Centralized non-volatile open system art
E56780,C103,2025-01-03,14409,0.29,0.08,Decentralized bandwidth-monitored functionalities case
E81889,C103,2025-01-03,27596,0.45,0.12,Front-line modular utilization step
E30475,C103,2025-01-03,46473,0.48,0.09,Stand-alone optimal frame measure
E96070,C106,2025-01-03,26951,0.42,0.09,Optimized heuristic functionalities enjoy
E41914,C106,2025-01-03,44933,0.29,0.12,Public-key systemic flexibility major
E63193,C107,2025-01-03,11359,0.23,0.1,Exclusive radical database good
E29135,C113,2025-01-04,42372,0.32,0.2,Multi-channeled analyzing policy be
E60007,C113,2025-01-04,26027,0.34,0.07,Triple-buffered even-keeled definition oil
E59829,C113,2025-01-04,27070,0.3,0.15,Persistent cohesive concept move
E31334,C103,2025-01-04,17792,0.39,0.09,Digitized national knowledge user all
E56876,C101,2025-01-04,48658,0.26,0.13,Synergistic uniform infrastructure them
E67358,C101,2025-01-04,17802,0.45,0.2,Operative system-worthy intranet window
E35308,C102,2025-01-04,25984,0.45,0.17,Reactive stable middleware commercial
E80113,C108,2025-01-04,12790,0.21,0.06,Balanced reciprocal archive produce
E42429,C108,2025-01-04,14229,0.26,0.15,Right-sized asymmetric pricing structure across
E69175,C109,2025-01-04,38119,0.21,0.08,Profound intermediate array girl
E62689,C109,2025-01-04,13092,0.34,0.18,Programmable eco-centric algorithm day
E52241,C109,2025-01-04,38537,0.25,0.07,Fully-configurable contextually-based encryption cup
E88153,C111,2025-01-04,18362,0.43,0.21,Horizontal executive emulation quality
E28479,C111,2025-01-04,29631,0.29,0.08,Stand-alone web-enabled methodology kind
E47909,C106,2025-01-05,18730,0.32,0.06,Organized contextually-based array two
E41914,C106,2025-01-05,34498,0.31,0.05,Polarized demand-driven alliance else
E59976,C106,2025-01-05,30241,0.26,0.08,Automated value-added Graphic Interface natural
E56283,C112,2025-01-05,18379,0.24,0.11,Compatible secondary alliance capital
E81627,C111,2025-01-05,34649,0.26,0.09,Enhanced upward-trending application weight
E10656,C113,2025-01-05,39480,0.43,0.06,Diverse bifurcated middleware traditional
E93174,C113,2025-01-05,44698,0.43,0.14,Compatible modular neural-net attention
E63687,C107,2025-01-05,15637,0.47,0.25,Automated grid-enabled hierarchy such
E17362,C107,2025-01-05,25601,0.31,0.14,Open-architected multi-state toolset pattern
E53148,C108,2025-01-05,42271,0.46,0.26,Enterprise-wide grid-enabled monitoring short
E79086,C108,2025-01-05,40566,0.27,0.05,Expanded motivating emulation evening
E37094,C108,2025-01-05,45004,0.27,0.17,Implemented client-driven time-frame generation
E66029,C109,2025-01-05,49568,0.21,0.09,Pre-emptive modular standardization little
E52241,C109,2025-01-05,22826,0.25,0.05,Intuitive responsive toolset including
E14211,C102,2025-01-06,30231,0.26,0.11,Re-engineered bifurcated open architecture girl
E37448,C113,2025-01-06,14085,0.4,0.05,Reverse-engineered interactive projection choose
E87161,C113,2025-01-06,19554,0.31,0.05,Reverse-engineered transitional service-desk majority
E93174,C113,2025-01-06,34951,0.49,0.25,Ergonomic discrete matrices sort
E82712,C109,2025-01-06,27152,0.45,0.17,Team-oriented modular website poor
E10934,C109,2025-01-06,24010,0.33,0.13,Innovative executive contingency team
E62515,C106,2025-01-06,48847,0.41,0.15,Cross-platform context-sensitive groupware soon
E36089,C106,2025-01-06,32595,0.4,0.1,Cross-platform incremental support effort
E96070,C106,2025-01-06,45354,0.45,0.18,Proactive foreground toolset reduce
E88095,C112,2025-01-06,18789,0.43,0.21,Upgradable intangible hub total
E56283,C112,2025-01-06,37527,0.46,0.13,Operative coherent Graphical User Interface power
E28198,C107,2025-01-06,21779,0.28,0.09,Compatible explicit focus group start
E63687,C107,2025-01-06,34654,0.37,0.19,Switchable tangible analyzer reach
E63193,C107,2025-01-06,41692,0.31,0.17,Proactive web-enabled budgetary management mention
E81889,C103,2025-01-06,30106,0.44,0.23,Function-based uniform workforce authority
E70526,C103,2025-01-06,42514,0.23,0.12,Function-based asynchronous conglomeration artist
E11987,C103,2025-01-06,17571,0.32,0.18,Exclusive tertiary focus group and
E98611,C101,2025-01-07,18761,0.27,0.12,Managed actuating ability forward
E77806,C101,2025-01-07,40710,0.49,0.05,Face-to-face exuding focus group situation
E52228,C106,2025-01-07,38653,0.43,0.14,User-centric interactive core management
E20579,C106,2025-01-07,23271,0.33,0.1,Fundamental asynchronous software mind
E33931,C106,2025-01-07,11618,0.45,0.15,Polarized system-worthy emulation write
E37094,C108,2025-01-07,48801,0.39,0.22,Self-enabling grid-enabled forecast open
E36554,C108,2025-01-07,16550,0.46,0.2,User-centric well-modulated challenge everyone
E19744,C108,2025-01-07,19253,0.28,0.14,Extended optimizing matrix relationship
E39578,C103,2025-01-07,13691,0.48,0.18,Programmable analyzing protocol prove
E76523,C103,2025-01-07,28156,0.27,0.14,Configurable well-modulated methodology executive
E83699,C107,2025-01-07,19285,0.35,0.07,User-friendly foreground core sure
E42713,C107,2025-01-07,14085,0.46,0.05,Cross-group dynamic solution decade
E80312,C107,2025-01-07,28040,0.2,0.05,Customizable regional structure win
E35308,C102,2025-01-07,43692,0.27,0.13,Quality-focused executive middleware yeah
E83290,C110,2025-01-08,29538,0.43,0.05,Balanced client-driven system engine PM
E42713,C107,2025-01-08,39172,0.49,0.09,Programmable modular methodology office
E39260,C107,2025-01-08,16563,0.44,0.27,Open-architected client-driven paradigm suggest
E77196,C107,2025-01-08,46476,0.23,0.13,Multi-layered foreground collaboration young
E56876,C101,2025-01-08,42807,0.36,0.14,De-engineered context-sensitive support involve
E46176,C108,2025-01-08,27551,0.31,0.08,Secured contextually-based open architecture name
E63062,C113,2025-01-08,20674,0.43,0.19,Upgradable object-oriented Graphic Interface often
E69098,C113,2025-01-08,24538,0.45,0.1,Stand-alone incremental service-desk plant
E63062,C113,2025-01-08,13090,0.32,0.07,Phased 3rdgeneration architecture above
E52228,C106,2025-01-08,43310,0.49,0.1,Business-focused composite service-desk ahead
E99353,C106,2025-01-08,15503,0.34,0.06,Quality-focused clear-thinking core eight
E26544,C104,2025-01-08,20929,0.46,0.19,User-friendly needs-based structure tree
E25488,C112,2025-01-08,35732,0.4,0.13,Organic client-driven product long
E51388,C112,2025-01-08,40346,0.48,0.12,Synergistic eco-centric hardware tend
E45466,C110,2025-01-09,25069,0.29,0.08,Synchronized web-enabled emulation Mrs
E63947,C110,2025-01-09,39037,0.21,0.07,Profit-focused hybrid strategy let
E45086,C108,2025-01-09,44551,0.34,0.12,Secured well-modulated superstructure chair
E95943,C101,2025-01-09,10848,0.46,0.16,Triple-buffered modular synergy friend
E56876,C101,2025-01-09,30211,0.28,0.07,Centralized 4thgeneration secured line conference
E58457,C104,2025-01-09,18461,0.29,0.06,Object-based contextually-based conglomeration red
E79475,C104,2025-01-09,36282,0.27,0.08,Up-sized directional superstructure policy
E81627,C111,2025-01-09,20820,0.38,0.13,Object-based foreground application no
E78248,C106,2025-01-09,11831,0.44,0.21,Stand-alone intermediate middleware movie
E99353,C106,2025-01-09,29824,0.26,0.06,Fundamental 4thgeneration product cultural
E16452,C112,2025-01-09,29866,0.28,0.1,Future-proofed well-modulated leverage administration
E25908,C112,2025-01-09,27157,0.23,0.08,Open-source discrete core including
E16452,C112,2025-01-09,31172,0.25,0.07,Virtual dynamic attitude news
E84685,C106,2025-01-10,37890,0.27,0.1,Robust methodical open system able
E55197,C110,2025-01-10,23592,0.41,0.13,Digitized mission-critical architecture many
E21676,C105,2025-01-10,24708,0.46,0.2,Re-engineered systemic ability hit
E56791,C105,2025-01-10,43835,0.27,0.06,Object-based fresh-thinking info-mediaries last
E63062,C113,2025-01-10,34331,0.29,0.1,Devolved actuating neural-net tough
E89686,C113,2025-01-10,13289,0.27,0.17,Ameliorated contextually-based project respond
E18389,C113,2025-01-10,29051,0.37,0.07,Ergonomic coherent installation then
E19750,C104,2025-01-10,19983,0.38,0.2,Phased clear-thinking projection writer
E26259,C110,2025-01-11,35021,0.37,0.23,Configurable tangible extranet once
E45466,C110,2025-01-11,15626,0.31,0.12,Synergistic neutral customer loyalty author
E71499,C110,2025-01-11,38188,0.37,0.12,Multi-lateral composite installation when
E14211,C102,2025-01-11,34330,0.23,0.07,Upgradable bifurcated extranet scientist
E84723,C102,2025-01-11,44120,0.35,0.15,Proactive well-modulated hierarchy behavior
E36331,C103,2025-01-11,13805,0.37,0.16,Horizontal full-range intranet these
E71558,C103,2025-01-11,25061,0.31,0.08,Enterprise-wide zero administration throughput better
E31334,C103,2025-01-11,16645,0.41,0.26,Cross-group mission-critical instruction set none
E74476,C107,2025-01-11,26201,0.31,0.15,Digitized multi-state attitude appear
E60544,C107,2025-01-11,10160,0.39,0.1,Networked multimedia matrix machine
E29135,C113,2025-01-11,32803,0.31,0.1,User-centric zero tolerance standardization agreement
E86267,C101,2025-01-11,33872,0.28,0.14,Monitored 24/7 superstructure lose
E40953,C101,2025-01-11,35223,0.32,0.13,Optional impactful hierarchy pay
E37094,C108,2025-01-11,20223,0.34,0.1,Vision-oriented mobile function outside
E56299,C109,2025-01-12,43214,0.36,0.11,Stand-alone content-based toolset behind
E56299,C109,2025-01-12,28964,0.47,0.28,Multi-lateral directional hierarchy above
E88218,C110,2025-01-12,16332,0.29,0.07,Streamlined interactive system engine Republican
E87401,C105,2025-01-12,27750,0.5,0.09,Pre-emptive tertiary secured line seven
E95531,C105,2025-01-12,47836,0.31,0.09,Reduced intangible process improvement day
E12763,C105,2025-01-12,22606,0.35,0.1,Customer-focused responsive knowledge user car
E16653,C111,2025-01-12,48902,0.37,0.18,Mandatory holistic utilization resource
E73908,C111,2025-01-13,47221,0.38,0.16,Self-enabling bottom-line policy music
E16653,C111,2025-01-13,27399,0.38,0.17,Team-oriented encompassing moratorium his
E77806,C101,2025-01-13,15070,0.43,0.07,Total holistic adapter less
E27435,C101,2025-01-13,13216,0.23,0.05,Re-contextualized composite hub everybody
E75714,C101,2025-01-13,21392,0.37,0.21,Multi-tiered composite customer loyalty out
E60445,C110,2025-01-13,32324,0.42,0.16,Proactive object-oriented structure lay
E10143,C110,2025-01-13,10801,0.49,0.15,Networked local paradigm able
E74477,C102,2025-01-13,19613,0.25,0.08,Customer-focused modular infrastructure learn
E89686,C113,2025-01-13,29501,0.33,0.16,Mandatory well-modulated throughput happy
E16452,C112,2025-01-14,44842,0.32,0.12,Implemented next generation Graphical User Interface long
E98386,C112,2025-01-14,36318,0.45,0.08,Progressive well-modulated protocol list
E90243,C112,2025-01-14,31621,0.32,0.07,Multi-layered even-keeled system engine ball
E66029,C109,2025-01-14,10256,0.4,0.21,Reduced tangible solution ahead
E79436,C109,2025-01-14,16400,0.48,0.26,Networked content-based database medical
E68856,C105,2025-01-14,12469,0.39,0.09,Re-contextualized responsive info-mediaries those
E34840,C103,2025-01-14,34420,0.28,0.14,Re-contextualized leadingedge matrix process
E78393,C103,2025-01-14,37572,0.21,0.08,Multi-tiered attitude-oriented standardization that
E40111,C103,2025-01-14,19242,0.34,0.23,Programmable grid-enabled time-frame year
E53715,C113,2025-01-14,49481,0.21,0.05,Reverse-engineered mission-critical collaboration north
E48371,C106,2025-01-14,41668,0.25,0.07,Compatible stable solution blood
E68976,C106,2025-01-14,10859,0.28,0.05,Networked foreground groupware action
E58755,C107,2025-01-14,17675,0.34,0.1,Compatible analyzing info-mediaries surface
E55405,C111,2025-01-15,32061,0.38,0.13,Assimilated eco-centric access hear
E94797,C108,2025-01-15,39129,0.31,0.08,Business-focused uniform moratorium sea
E15700,C108,2025-01-15,32392,0.45,0.1,Upgradable 24/7 alliance attack
E42429,C108,2025-01-15,22852,0.23,0.05,Synchronized 6thgeneration project capital
E43567,C110,2025-01-15,39581,0.35,0.1,Polarized context-sensitive groupware require
E18533,C110,2025-01-15,49730,0.22,0.13,Seamless global hardware leg
E56110,C110,2025-01-15,38757,0.35,0.06,Optimized system-worthy project suffer
E43659,C103,2025-01-15,30628,0.46,0.1,Front-line multi-tasking secured line sell
E45920,C103,2025-01-15,26765,0.25,0.1,Configurable 4thgeneration structure high
E45784,C103,2025-01-15,26714,0.46,0.27,Digitized 4thgeneration portal kind
E52918,C107,2025-01-15,25981,0.27,0.1,Object-based transitional challenge hard
E61448,C110,2025-01-16,29784,0.36,0.07,Virtual leadingedge help-desk opportunity
E70738,C110,2025-01-16,32002,0.23,0.09,Face-to-face mission-critical structure go
E19788,C110,2025-01-16,43220,0.38,0.07,Phased mission-critical alliance her
E56876,C101,2025-01-16,35172,0.38,0.1,Compatible explicit secured line treat
E70534,C103,2025-01-16,38391,0.37,0.17,Automated zero administration definition chair
E47355,C103,2025-01-16,20734,0.49,0.15,Synergistic scalable moderator not
E93813,C108,2025-01-16,21994,0.47,0.25,Monitored well-modulated matrices big
E82227,C108,2025-01-16,32431,0.24,0.12,Balanced clear-thinking info-mediaries student
E50347,C108,2025-01-16,16442,0.5,0.12,User-centric composite website teacher
E66414,C102,2025-01-16,12277,0.31,0.06,Automated fresh-thinking firmware position
E35308,C102,2025-01-16,26428,0.4,0.12,Organic zero-defect info-mediaries outside
E66414,C102,2025-01-16,40877,0.48,0.07,Robust client-driven focus group break
E79475,C104,2025-01-16,13710,0.45,0.13,Compatible solution-oriented product receive
E51866,C104,2025-01-16,33323,0.23,0.07,Synergistic fresh-thinking portal game
E83912,C105,2025-01-17,35570,0.29,0.17,Future-proofed homogeneous synergy house
E42554,C105,2025-01-17,18589,0.24,0.11,Switchable multi-tasking frame trial
E35347,C105,2025-01-17,20819,0.28,0.06,Horizontal global open system wish
E46386,C109,2025-01-17,26724,0.39,0.12,User-centric coherent productivity even
E75278,C109,2025-01-17,38857,0.46,0.12,Profound grid-enabled superstructure use
E23364,C109,2025-01-17,34709,0.26,0.13,Organic 24/7 superstructure possible
E22562,C107,2025-01-17,39046,0.3,0.12,Persistent bandwidth-monitored instruction set conference
E60818,C107,2025-01-17,32490,0.35,0.09,Configurable optimizing groupware city
E63687,C107,2025-01-17,29726,0.2,0.09,Optimized radical strategy enjoy
E98485,C110,2025-01-17,44221,0.39,0.2,Up-sized attitude-oriented database all
E18533,C110,2025-01-17,35724,0.41,0.05,Function-based intangible archive involve
E18533,C110,2025-01-17,15149,0.21,0.09,Future-proofed hybrid Graphical User Interface police
E62515,C106,2025-01-17,39990,0.33,0.09,Synergistic attitude-oriented success nice
E70317,C106,2025-01-17,34428,0.33,0.18,Progressive attitude-oriented focus group after
E86465,C103,2025-01-17,42035,0.36,0.2,Progressive asynchronous structure large
E75931,C103,2025-01-17,16749,0.39,0.13,Open-source zero tolerance hardware measure
E75714,C101,2025-01-18,10995,0.24,0.1,Balanced systematic paradigm society
E95943,C101,2025-01-18,23313,0.42,0.12,Reactive static algorithm tonight
E98143,C109,2025-01-18,14029,0.47,0.23,Reactive incremental archive condition
E46386,C109,2025-01-18,27454,0.22,0.09,Inverse asymmetric initiative control
E43422,C109,2025-01-18,24968,0.39,0.24,Multi-lateral multi-state database door
E56622,C111,2025-01-18,10034,0.23,0.06,Organized empowering system engine model
E28479,C111,2025-01-18,27694,0.31,0.1,Centralized full-range initiative rest
E82227,C108,2025-01-18,16658,0.45,0.21,Stand-alone radical access kind
E50142,C112,2025-01-18,31866,0.43,0.06,Profit-focused content-based complexity interest
E35560,C107,2025-01-18,23312,0.3,0.17,Polarized incremental infrastructure hospital
E46305,C107,2025-01-18,16719,0.25,0.09,Implemented logistical forecast cover
E60544,C107,2025-01-18,13228,0.23,0.12,Triple-buffered solution-oriented artificial intelligence town
E50347,C108,2025-01-19,11085,0.46,0.12,Multi-channeled intermediate leverage whatever
E63601,C108,2025-01-19,42820,0.23,0.06,Re-contextualized dedicated circuit guess
E32441,C105,2025-01-19,33727,0.48,0.21,Multi-tiered actuating task-force Republican
E66161,C105,2025-01-19,47533,0.33,0.05,Diverse asynchronous policy understand
E51391,C105,2025-01-19,20999,0.36,0.08,Multi-tiered impactful model catch
E79528,C107,2025-01-19,41382,0.49,0.18,User-centric grid-enabled system engine according
E51968,C107,2025-01-19,14371,0.46,0.21,Grass-roots content-based emulation development
E81165,C107,2025-01-19,41187,0.35,0.12,Triple-buffered impactful productivity education
E56283,C112,2025-01-20,20028,0.3,0.1,Quality-focused zero administration attitude industry
E25488,C112,2025-01-20,35451,0.24,0.1,Secured web-enabled methodology guess
E68136,C112,2025-01-20,23536,0.26,0.14,Mandatory solution-oriented info-mediaries bring
E86393,C108,2025-01-20,41709,0.25,0.05,De-engineered needs-based capability list
E65527,C108,2025-01-20,30978,0.3,0.1,Stand-alone bi-directional support gas
E45086,C108,2025-01-20,46788,0.3,0.09,Adaptive hybrid data-warehouse never
E73908,C111,2025-01-20,31573,0.39,0.08,Configurable client-server extranet recent
E10471,C104,2025-01-20,11556,0.41,0.1,Grass-roots web-enabled analyzer use
E58921,C112,2025-01-21,37786,0.28,0.08,Realigned well-modulated task-force color
E88118,C112,2025-01-21,21307,0.22,0.09,Programmable impactful contingency represent
E75931,C103,2025-01-21,46369,0.38,0.18,Focused non-volatile website population
E39578,C103,2025-01-21,33844,0.42,0.15,Implemented client-server contingency become
E27421,C104,2025-01-21,41403,0.46,0.24,Multi-lateral background process improvement current
E81966,C104,2025-01-21,17093,0.48,0.18,Total static contingency century
E52456,C104,2025-01-21,30441,0.43,0.17,Inverse 24hour paradigm president
E63687,C107,2025-01-21,42834,0.5,0.08,Polarized mobile frame piece
E42713,C107,2025-01-21,14041,0.27,0.17,User-centric dynamic collaboration throughout
E79528,C107,2025-01-21,42528,0.41,0.07,Robust bottom-line core recognize
E50300,C113,2025-01-22,26885,0.29,0.08,Implemented radical installation beyond
E82036,C105,2025-01-22,46438,0.37,0.08,Vision-oriented homogeneous algorithm idea
E73386,C105,2025-01-22,18232,0.29,0.09,Optional human-resource capacity suggest
E83023,C103,2025-01-22,24764,0.23,0.1,Innovative methodical implementation organization
E49179,C107,2025-01-22,19997,0.24,0.1,Intuitive systematic flexibility lay
E33820,C107,2025-01-22,40694,0.44,0.07,Programmable multi-tasking toolset film
E43843,C107,2025-01-22,31583,0.25,0.13,De-engineered full-range complexity mean
E56110,C110,2025-01-22,14506,0.44,0.07,Multi-tiered homogeneous Graphic Interface situation
E36331,C103,2025-01-23,47024,0.21,0.11,Extended high-level strategy interest
E90720,C103,2025-01-23,31750,0.35,0.09,Ameliorated intangible alliance card
E40298,C103,2025-01-23,26214,0.21,0.1,Progressive disintermediate archive smile
E56559,C101,2025-01-23,13106,0.36,0.06,Balanced executive moratorium also
E84685,C106,2025-01-23,10516,0.43,0.1,Organic secondary implementation before
E86024,C106,2025-01-23,22900,0.3,0.13,Sharable attitude-oriented Graphical User Interface read
E70317,C106,2025-01-23,26219,0.27,0.08,Inverse web-enabled array fast
E36582,C102,2025-01-23,22637,0.44,0.14,Self-enabling even-keeled frame fly
E99928,C107,2025-01-23,21754,0.35,0.13,Switchable impactful info-mediaries break
E71676,C107,2025-01-23,29314,0.45,0.2,Networked zero tolerance flexibility drop
E63687,C107,2025-01-23,45318,0.47,0.09,Ergonomic multi-state success management
E55405,C111,2025-01-23,15636,0.47,0.25,Extended next generation moderator him
E12704,C111,2025-01-23,40161,0.25,0.08,Compatible bottom-line product day
E61307,C110,2025-01-23,19699,0.26,0.13,Innovative holistic firmware sort
E71499,C110,2025-01-23,33723,0.25,0.1,Optimized multi-tasking installation coach
E81983,C107,2025-01-24,30418,0.21,0.11,Triple-buffered value-added conglomeration data
E81165,C107,2025-01-24,12822,0.35,0.09,Optional system-worthy collaboration as
E73581,C102,2025-01-24,35375,0.47,0.14,Virtual content-based architecture side
E35308,C102,2025-01-24,46239,0.32,0.05,Re-engineered responsive info-mediaries room
E61453,C102,2025-01-24,23027,0.22,0.07,Cross-platform system-worthy capability media
E83023,C103,2025-01-24,35013,0.41,0.28,Cross-group responsive hierarchy meet
E75931,C103,2025-01-24,11984,0.21,0.09,Profound neutral methodology new
E78393,C103,2025-01-24,36751,0.27,0.07,Innovative bifurcated policy election
E17918,C109,2025-01-24,24222,0.31,0.13,Focused high-level Internet solution north
E22567,C109,2025-01-24,12000,0.43,0.13,Diverse multi-state complexity do
E46176,C108,2025-01-25,27402,0.26,0.07,De-engineered attitude-oriented data-warehouse never
E94797,C108,2025-01-25,13846,0.21,0.06,Implemented next generation initiative each
E37094,C108,2025-01-25,33690,0.46,0.06,Stand-alone even-keeled attitude issue
E99243,C105,2025-01-25,37110,0.33,0.15,Optional 4thgeneration success role
E65329,C105,2025-01-25,39943,0.36,0.2,Versatile 4thgeneration approach sell
E76073,C105,2025-01-25,12076,0.26,0.06,Enterprise-wide well-modulated open architecture by
E26497,C111,2025-01-25,34770,0.48,0.16,Reactive zero-defect extranet analysis
E81627,C111,2025-01-25,10821,0.33,0.11,Multi-layered user-facing open architecture half
E62150,C106,2025-01-25,44882,0.44,0.21,Programmable reciprocal budgetary management series
E47909,C106,2025-01-25,23790,0.24,0.09,Adaptive optimizing artificial intelligence rise
E95908,C106,2025-01-25,19152,0.4,0.17,Robust didactic moderator human
E96050,C109,2025-01-25,23790,0.45,0.15,Distributed web-enabled orchestration great
E32829,C109,2025-01-25,25935,0.2,0.09,Versatile demand-driven open system party
E79436,C109,2025-01-25,41728,0.23,0.05,Multi-tiered directional benchmark agree
E13283,C105,2025-01-26,10777,0.38,0.14,Vision-oriented directional productivity church
E88095,C112,2025-01-26,38403,0.39,0.15,Organized executive Graphic Interface start
E89542,C113,2025-01-26,26059,0.5,0.17,User-centric national model form
E87161,C113,2025-01-26,35743,0.29,0.08,Grass-roots contextually-based throughput scene
E29547,C107,2025-01-26,33008,0.34,0.16,Reduced value-added alliance several
E80113,C108,2025-01-26,37494,0.37,0.19,Focused homogeneous throughput remain
E28352,C111,2025-01-26,32586,0.21,0.14,Organized leadingedge installation put
E18468,C104,2025-01-26,22394,0.21,0.1,Future-proofed intangible moratorium also
E85659,C104,2025-01-26,40082,0.4,0.17,Reduced executive neural-net range
E37757,C104,2025-01-26,30225,0.26,0.11,Multi-lateral upward-trending workforce citizen
E25908,C112,2025-01-27,13034,0.42,0.15,Persevering intangible array cultural
E16452,C112,2025-01-27,34491,0.35,0.15,Grass-roots discrete access special
E52200,C108,2025-01-27,45830,0.22,0.06,Self-enabling holistic success onto
E16194,C108,2025-01-27,19709,0.41,0.09,Realigned analyzing forecast usually
E84687,C111,2025-01-27,13566,0.25,0.1,Right-sized upward-trending projection religious
E16653,C111,2025-01-27,30670,0.45,0.24,Grass-roots intangible hardware challenge
E25490,C111,2025-01-27,45132,0.38,0.07,Compatible full-range website inside
E27483,C103,2025-01-27,23753,0.22,0.05,Re-contextualized 24/7 array behind
E83023,C103,2025-01-27,19310,0.49,0.17,Stand-alone bottom-line utilization strategy
E36176,C103,2025-01-27,28680,0.26,0.07,Open-source object-oriented capacity admit
E31266,C105,2025-01-27,13011,0.43,0.07,Fully-configurable full-range moderator try
E59291,C105,2025-01-27,47403,0.46,0.1,Reactive dedicated flexibility never
E72496,C104,2025-01-27,23314,0.41,0.19,Exclusive even-keeled Graphical User Interface treat
E50992,C104,2025-01-27,17738,0.35,0.1,Upgradable executive projection war
E35098,C101,2025-01-28,45055,0.44,0.08,Managed holistic monitoring Republican
E56876,C101,2025-01-28,41288,0.23,0.11,Reactive neutral emulation reduce
E55971,C101,2025-01-28,15680,0.37,0.2,Public-key fresh-thinking open system maybe
E95621,C103,2025-01-28,44376,0.45,0.1,Optimized content-based hardware camera
E87167,C106,2025-01-28,15195,0.38,0.21,Fully-configurable bandwidth-monitored Graphical User Interface both
E37944,C111,2025-01-28,48974,0.27,0.07,Enterprise-wide multi-state encoding class
E60051,C111,2025-01-28,23953,0.34,0.11,Polarized impactful synergy clearly
E72655,C105,2025-01-28,32763,0.26,0.14,Diverse global framework professor
E82026,C105,2025-01-28,15928,0.35,0.06,Team-oriented upward-trending Graphical User Interface service
E13303,C105,2025-01-28,14632,0.41,0.17,Persevering secondary array agreement
E26760,C109,2025-01-28,21071,0.32,0.06,Universal client-server project TV
E002,C102,2025-01-28,25625,0.22,0.06,Fundamental systemic initiative soldier
E61453,C102,2025-01-28,18728,0.26,0.08,Vision-oriented full-range groupware style
E12356,C108,2025-01-28,29098,0.29,0.19,Optional demand-driven migration actually
E53148,C108,2025-01-28,42898,0.49,0.21,Up-sized hybrid projection crime
E82026,C105,2025-01-29,36615,0.48,0.18,Distributed exuding budgetary management now
E18468,C104,2025-01-29,40756,0.37,0.17,Switchable object-oriented productivity weight
E53674,C101,2025-01-29,49826,0.32,0.1,Quality-focused explicit structure remain
E45236,C110,2025-01-29,44396,0.32,0.13,Optional homogeneous archive thank
E26259,C110,2025-01-29,28073,0.5,0.26,Adaptive mobile encoding subject
E26259,C110,2025-01-29,44398,0.21,0.13,Vision-oriented motivating knowledge user look
E86393,C108,2025-01-29,48349,0.26,0.1,Re-contextualized bandwidth-monitored product training
E99496,C108,2025-01-29,46319,0.23,0.11,Switchable grid-enabled framework line
E32337,C103,2025-01-29,27942,0.21,0.13,Networked holistic service-desk may
E47355,C103,2025-01-29,30916,0.44,0.1,Enterprise-wide impactful benchmark can
E52142,C106,2025-01-29,23748,0.26,0.11,Reduced optimizing customer loyalty place
E50481,C101,2025-01-30,47504,0.37,0.12,Cross-group background forecast professor
E71763,C101,2025-01-30,11595,0.44,0.19,Customizable background analyzer health
E10239,C104,2025-01-30,15119,0.41,0.19,Multi-tiered secondary analyzer onto
E29135,C113,2025-01-30,22741,0.25,0.11,Secured dedicated customer loyalty would
E87161,C113,2025-01-30,42789,0.31,0.13,Enhanced interactive analyzer receive
E37448,C113,2025-01-30,22022,0.43,0.21,Team-oriented client-driven initiative keep
E39905,C109,2025-01-30,20626,0.37,0.12,Optimized interactive solution money
E69175,C109,2025-01-30,36069,0.48,0.22,Fully-configurable bifurcated installation surface
E33434,C109,2025-01-30,26878,0.36,0.1,Compatible bandwidth-monitored archive director
E80781,C103,2025-01-30,45966,0.4,0.07,User-friendly didactic moderator poor
E63506,C110,2025-01-30,41819,0.44,0.16,Universal optimizing matrix indeed
E38011,C110,2025-01-30,19241,0.36,0.05,Persevering uniform interface audience
E48017,C110,2025-01-30,47616,0.33,0.1,Polarized hybrid functionalities less
E68976,C106,2025-01-31,13816,0.39,0.12,Adaptive eco-centric methodology plan
E46470,C106,2025-01-31,11069,0.46,0.22,Right-sized next generation help-desk figure
E60901,C102,2025-01-31,49817,0.44,0.27,Advanced bifurcated capability job
E34357,C102,2025-01-31,27359,0.26,0.14,Profit-focused context-sensitive moderator administration
E90012,C104,2025-01-31,12292,0.31,0.07,Cross-group directional framework address
E50437,C110,2025-01-31,18722,0.4,0.24,Persevering disintermediate installation involve
E60011,C109,2025-01-31,41851,0.35,0.08,Triple-buffered system-worthy data-warehouse full
E46778,C109,2025-01-31,31777,0.29,0.15,Balanced background middleware understand
E89895,C109,2025-01-31,49269,0.33,0.08,Inverse 6thgeneration ability physical
E89542,C113,2025-01-31,12250,0.48,0.29,Fundamental system-worthy open system hand
E46176,C108,2025-01-31,36144,0.27,0.13,Inverse tangible service-desk scientist
E86684,C108,2025-01-31,11865,0.41,0.07,Customizable holistic matrices seat
E34392,C110,2025-02-01,42503,0.38,0.07,Seamless stable moratorium experience
E40953,C101,2025-02-01,42463,0.29,0.1,Universal eco-centric policy which
E67358,C101,2025-02-01,28822,0.22,0.07,Advanced next generation portal clearly
E42414,C101,2025-02-01,24104,0.36,0.08,Customer-focused neutral capacity start
E50992,C104,2025-02-01,30386,0.44,0.17,Devolved needs-based archive reach
E15906,C104,2025-02-01,44632,0.29,0.11,Intuitive user-facing artificial intelligence possible
E72496,C104,2025-02-01,32641,0.42,0.12,Programmable human-resource architecture speak
E86465,C103,2025-02-01,36309,0.38,0.16,Balanced scalable customer loyalty behind
E86465,C103,2025-02-01,12674,0.26,0.08,Profound content-based hub building
E81983,C107,2025-02-01,21984,0.43,0.22,Reduced neutral functionalities town
E39668,C111,2025-02-01,36178,0.34,0.06,Cross-group bottom-line open system field
E25658,C108,2025-02-02,34623,0.45,0.06,Assimilated foreground middleware responsibility
E15700,C108,2025-02-02,35389,0.21,0.09,Triple-buffered bifurcated framework plant
E35308,C102,2025-02-02,45444,0.46,0.26,Stand-alone leadingedge encryption while
E40298,C103,2025-02-02,40865,0.29,0.12,Operative mobile groupware show
E64504,C103,2025-02-02,17619,0.27,0.12,Secured mission-critical website read
E36331,C103,2025-02-02,25179,0.24,0.12,Horizontal value-added instruction set current
E30496,C113,2025-02-02,13159,0.43,0.09,Optional content-based superstructure performance
E37448,C113,2025-02-02,41966,0.5,0.07,Face-to-face background hub ten
E99843,C110,2025-02-02,10751,0.3,0.15,Managed high-level open architecture audience
E40750,C110,2025-02-02,30182,0.43,0.15,Networked interactive functionalities lawyer
E90654,C105,2025-02-02,19478,0.46,0.11,Front-line clear-thinking flexibility off
E55405,C111,2025-02-02,33147,0.36,0.11,Progressive multi-tasking circuit end
E33359,C111,2025-02-02,40857,0.29,0.09,Re-engineered next generation orchestration ago
E95943,C101,2025-02-03,22863,0.24,0.12,Stand-alone high-level software set
E35786,C101,2025-02-03,29564,0.48,0.23,Up-sized heuristic synergy assume
E93813,C108,2025-02-03,13409,0.34,0.08,Multi-layered tertiary superstructure girl
E46176,C108,2025-02-03,11117,0.24,0.05,Upgradable homogeneous support world
E10699,C108,2025-02-03,19901,0.45,0.23,Expanded homogeneous implementation quite
E36089,C106,2025-02-03,26035,0.45,0.15,Multi-channeled systematic monitoring political
E32933,C106,2025-02-03,42953,0.48,0.08,Realigned disintermediate forecast and
E24308,C106,2025-02-03,20253,0.48,0.29,Synchronized static definition society
E46305,C107,2025-02-03,33192,0.44,0.09,Multi-channeled stable model since
E49279,C107,2025-02-03,40265,0.27,0.08,Enterprise-wide fresh-thinking flexibility may
E99928,C107,2025-02-03,39201,0.21,0.09,Assimilated composite budgetary management sell
E71220,C109,2025-02-04,49493,0.38,0.15,Polarized intermediate protocol between
E33786,C109,2025-02-04,44079,0.28,0.06,Virtual methodical data-warehouse thus
E19750,C104,2025-02-04,17962,0.3,0.17,Secured logistical concept guy
E11018,C104,2025-02-04,49438,0.29,0.11,Multi-lateral systematic superstructure property
E42449,C104,2025-02-04,47565,0.49,0.16,Profit-focused methodical projection purpose
E32127,C113,2025-02-04,24060,0.49,0.13,Horizontal clear-thinking intranet know
E71718,C101,2025-02-04,13277,0.37,0.19,Exclusive national emulation training
E78879,C101,2025-02-04,12759,0.25,0.14,Ameliorated methodical productivity crime
E62752,C101,2025-02-04,32773,0.43,0.06,Upgradable solution-oriented core reflect
E58755,C107,2025-02-04,11663,0.26,0.11,Customizable coherent challenge man
E84723,C102,2025-02-04,44381,0.38,0.13,Distributed static forecast blue
E64920,C102,2025-02-04,31608,0.3,0.13,Secured 3rdgeneration hub authority
E17158,C102,2025-02-04,26792,0.22,0.07,Vision-oriented foreground implementation if
E27435,C101,2025-02-05,43602,0.25,0.12,Programmable explicit Internet solution try
E60818,C107,2025-02-05,18220,0.34,0.14,Cross-platform bi-directional leverage hand
E91792,C110,2025-02-05,35154,0.41,0.13,Inverse upward-trending policy senior
E28352,C111,2025-02-05,19551,0.45,0.05,Pre-emptive hybrid projection act
E29493,C111,2025-02-05,31733,0.27,0.1,Re-contextualized zero administration help-desk road
E12704,C111,2025-02-05,46238,0.43,0.18,Function-based web-enabled groupware performance
E14358,C108,2025-02-05,31793,0.28,0.11,Up-sized methodical flexibility point
E65687,C108,2025-02-05,17877,0.45,0.12,Persistent dynamic help-desk while
E89752,C104,2025-02-05,41233,0.48,0.07,Devolved directional project no
E25490,C111,2025-02-06,44802,0.46,0.25,Visionary impactful neural-net she
E60267,C111,2025-02-06,21437,0.47,0.12,Multi-layered encompassing orchestration dream
E26782,C111,2025-02-06,30622,0.47,0.24,Switchable composite function may
E33931,C106,2025-02-06,27254,0.2,0.09,Mandatory analyzing portal including
E71997,C106,2025-02-06,35103,0.3,0.13,Inverse 4thgeneration projection full
E70534,C103,2025-02-06,29185,0.3,0.18,Distributed bifurcated contingency heavy
E10582,C103,2025-02-06,28618,0.3,0.11,Customizable needs-based analyzer this
E35786,C101,2025-02-06,13663,0.24,0.07,Fully-configurable content-based orchestration paper
E84891,C101,2025-02-06,40611,0.34,0.13,Implemented empowering help-desk analysis
E19159,C107,2025-02-06,41008,0.42,0.07,Secured systemic challenge movie
E54005,C107,2025-02-06,27666,0.38,0.07,Reverse-engineered static migration evening
E58755,C107,2025-02-06,44734,0.49,0.24,Reverse-engineered empowering data-warehouse front
E26782,C111,2025-02-07,41702,0.33,0.15,Mandatory fault-tolerant focus group wall
E33359,C111,2025-02-07,42264,0.22,0.11,Progressive impactful complexity soon
E62689,C109,2025-02-07,48700,0.43,0.06,Persistent 5thgeneration framework record
E98868,C109,2025-02-07,18219,0.27,0.07,Organized zero administration knowledge user the
E43099,C105,2025-02-07,35904,0.31,0.13,Future-proofed reciprocal frame husband
E35347,C105,2025-02-07,31839,0.22,0.05,Polarized didactic standardization again
E50992,C104,2025-02-07,36465,0.3,0.11,Managed 6thgeneration software difference
E32234,C104,2025-02-07,42186,0.41,0.13,Upgradable solution-oriented structure food
E25902,C107,2025-02-07,42996,0.48,0.21,Operative cohesive installation case
E70920,C103,2025-02-07,49355,0.4,0.13,Open-architected holistic info-mediaries gun
E57428,C103,2025-02-07,39418,0.47,0.25,Triple-buffered holistic extranet seat
E23265,C103,2025-02-07,31180,0.3,0.07,Seamless upward-trending hub best
E32934,C101,2025-02-07,24051,0.48,0.09,Robust 6thgeneration capacity room
E001,C101,2025-02-07,41864,0.38,0.18,Public-key zero tolerance methodology like
E83730,C101,2025-02-07,37431,0.23,0.07,Enterprise-wide 3rdgeneration functionalities daughter
E60901,C102,2025-02-08,25559,0.38,0.12,Phased zero administration architecture herself
E51693,C101,2025-02-08,18905,0.21,0.09,Extended directional concept quickly
E97861,C101,2025-02-08,28122,0.39,0.24,Re-engineered optimal architecture others
E73386,C105,2025-02-08,42774,0.33,0.18,Innovative explicit protocol such
E60610,C105,2025-02-08,12675,0.42,0.08,Business-focused content-based budgetary management particular
E35347,C105,2025-02-08,10103,0.46,0.26,Open-source systemic frame foreign
E73642,C112,2025-02-08,39848,0.39,0.1,Assimilated transitional ability month
E45310,C112,2025-02-08,26813,0.29,0.18,Customizable scalable process improvement one
E43843,C107,2025-02-08,24961,0.31,0.11,Organized bifurcated task-force ago
E80069,C107,2025-02-09,46685,0.2,0.08,Fully-configurable grid-enabled policy population
E38600,C107,2025-02-09,45998,0.38,0.06,Automated 6thgeneration firmware couple
E99683,C107,2025-02-09,17208,0.45,0.11,Secured cohesive parallelism economic
E50347,C108,2025-02-09,22363,0.35,0.19,Multi-lateral analyzing flexibility care
E53551,C108,2025-02-09,14748,0.28,0.05,Implemented 24hour concept discover
E82790,C108,2025-02-09,13438,0.43,0.07,Self-enabling zero tolerance adapter send
E94135,C101,2025-02-09,15528,0.2,0.11,Realigned zero tolerance strategy may
E58800,C101,2025-02-09,24378,0.43,0.08,Right-sized incremental portal full
E26544,C104,2025-02-09,49228,0.4,0.19,Synchronized responsive task-force something
E27453,C104,2025-02-09,49168,0.41,0.1,Expanded maximized matrices against
E35308,C102,2025-02-09,29770,0.43,0.19,Diverse cohesive complexity phone
E25756,C102,2025-02-09,29452,0.25,0.05,De-engineered transitional success machine
E61453,C102,2025-02-09,35747,0.36,0.13,Progressive intangible task-force reach
E68976,C106,2025-02-09,20337,0.31,0.11,Proactive attitude-oriented artificial intelligence half
E52228,C106,2025-02-09,27315,0.4,0.18,Face-to-face didactic software yeah
E95908,C106,2025-02-09,20588,0.41,0.16,Polarized demand-driven productivity hospital
E33359,C111,2025-02-09,47031,0.33,0.19,Re-contextualized scalable workforce popular
E58041,C104,2025-02-10,20767,0.37,0.05,Progressive optimal leverage business
E18468,C104,2025-02-10,41582,0.47,0.08,Vision-oriented background support result
E81809,C104,2025-02-10,43190,0.48,0.14,Multi-tiered well-modulated emulation add
E29752,C102,2025-02-10,26631,0.42,0.08,Multi-tiered methodical open architecture tax
E74019,C102,2025-02-10,11482,0.46,0.07,Fundamental 6thgeneration info-mediaries perform
E87065,C106,2025-02-11,45094,0.22,0.1,Proactive human-resource time-frame generation
E80184,C106,2025-02-11,32600,0.46,0.14,Future-proofed tangible emulation task
E67193,C104,2025-02-11,48242,0.42,0.1,Switchable well-modulated portal page
E22257,C104,2025-02-11,48108,0.45,0.14,Reduced coherent projection this
E71858,C104,2025-02-11,10691,0.49,0.11,Universal empowering instruction set whole
E98506,C107,2025-02-11,15677,0.29,0.18,Programmable optimal time-frame tonight
E55270,C107,2025-02-11,10871,0.32,0.07,Synergistic composite parallelism bank
E74477,C102,2025-02-11,18954,0.4,0.13,Cross-platform hybrid knowledgebase street
E36582,C102,2025-02-11,40380,0.35,0.06,Synchronized bottom-line circuit Mrs
E45466,C110,2025-02-11,41203,0.39,0.17,Monitored client-driven productivity affect
E38238,C110,2025-02-11,13506,0.23,0.1,Open-source coherent project yourself
E58297,C110,2025-02-11,19071,0.32,0.12,Reduced holistic flexibility behavior
E54971,C111,2025-02-11,24185,0.3,0.19,Programmable 24/7 functionalities occur
E50142,C112,2025-02-11,47070,0.33,0.17,Public-key even-keeled software wind
E69333,C107,2025-02-12,28415,0.28,0.11,Proactive discrete matrix war
E10687,C102,2025-02-12,31030,0.31,0.17,Polarized mission-critical forecast candidate
E53075,C102,2025-02-12,15864,0.31,0.11,Upgradable homogeneous policy growth
E50800,C101,2025-02-12,33400,0.39,0.16,Synergistic fresh-thinking contingency might
E63062,C113,2025-02-12,32782,0.46,0.2,Persevering context-sensitive Graphical User Interface throughout
E50347,C108,2025-02-12,28598,0.45,0.11,Advanced content-based ability minute
E73642,C112,2025-02-12,45943,0.33,0.14,Re-engineered needs-based architecture religious
E10983,C112,2025-02-12,21147,0.28,0.11,Multi-layered uniform Local Area Network attorney
E52007,C102,2025-02-13,28870,0.29,0.18,Open-architected multi-state utilization great
E46836,C102,2025-02-13,23834,0.36,0.13,Profit-focused actuating model daughter
E89686,C113,2025-02-13,37935,0.45,0.19,Multi-channeled upward-trending approach available
E18461,C113,2025-02-13,20682,0.38,0.16,Mandatory mobile architecture know
E69586,C113,2025-02-13,17039,0.31,0.06,Re-engineered didactic adapter age
E36437,C101,2025-02-13,46413,0.46,0.09,Digitized global benchmark ahead
E28479,C111,2025-02-13,43843,0.37,0.08,Enterprise-wide leadingedge intranet difficult
E26497,C111,2025-02-13,24009,0.41,0.21,Managed holistic methodology mission
E88153,C111,2025-02-13,27753,0.35,0.17,Profit-focused demand-driven middleware personal
E35824,C110,2025-02-13,14032,0.42,0.06,Total disintermediate concept impact
E45466,C110,2025-02-13,13843,0.25,0.08,Virtual 24hour ability grow
E19647,C103,2025-02-13,38488,0.5,0.16,Re-engineered upward-trending standardization short
E94837,C103,2025-02-13,47918,0.49,0.2,Advanced didactic functionalities reveal
E20169,C103,2025-02-13,45420,0.33,0.05,Grass-roots clear-thinking concept space
E20579,C106,2025-02-13,38306,0.28,0.06,Secured next generation hierarchy star
E42449,C104,2025-02-14,19297,0.41,0.08,Integrated neutral frame nor
E79475,C104,2025-02-14,12923,0.34,0.06,User-centric secondary moratorium rate
E29072,C102,2025-02-14,35838,0.26,0.1,Programmable zero-defect collaboration local
E54208,C102,2025-02-14,19305,0.46,0.11,Enhanced bottom-line core reach
E45361,C102,2025-02-14,25274,0.21,0.09,Switchable hybrid monitoring sound
E21332,C111,2025-02-14,16991,0.23,0.13,Digitized motivating analyzer might
E12704,C111,2025-02-14,25741,0.24,0.07,Adaptive homogeneous conglomeration business
E79985,C113,2025-02-14,30377,0.31,0.17,Programmable zero administration hub again
E59829,C113,2025-02-14,43294,0.21,0.08,Innovative client-driven time-frame by
E37448,C113,2025-02-14,35608,0.2,0.09,Vision-oriented interactive software together
E87118,C112,2025-02-14,36348,0.36,0.19,De-engineered contextually-based monitoring executive
E99673,C104,2025-02-15,27663,0.28,0.15,Balanced clear-thinking hardware trip
E42449,C104,2025-02-15,49684,0.36,0.06,Triple-buffered secondary alliance enter
E88837,C104,2025-02-15,27150,0.4,0.16,Realigned demand-driven capability note
E55405,C111,2025-02-15,40234,0.21,0.07,Re-engineered web-enabled open architecture follow
E80861,C111,2025-02-15,23615,0.33,0.07,Triple-buffered local benchmark rate
E16200,C111,2025-02-15,39428,0.4,0.09,De-engineered stable artificial intelligence economic
E96267,C112,2025-02-15,33044,0.45,0.12,Upgradable eco-centric task-force remember
E15799,C108,2025-02-15,27460,0.34,0.22,Reduced solution-oriented toolset fund
E25658,C108,2025-02-15,29734,0.28,0.1,Extended value-added alliance past
E54411,C106,2025-02-15,26859,0.23,0.08,Face-to-face actuating structure opportunity
E76152,C113,2025-02-15,18250,0.47,0.27,Realigned didactic moderator country
E13089,C113,2025-02-15,38841,0.45,0.14,Virtual context-sensitive software attention
E43213,C104,2025-02-16,30484,0.3,0.09,Synergistic bifurcated task-force game
E13188,C104,2025-02-16,15736,0.21,0.1,Digitized context-sensitive artificial intelligence fire
E59125,C111,2025-02-16,38791,0.39,0.12,Distributed 4thgeneration intranet role
E31771,C111,2025-02-16,39746,0.2,0.1,Advanced national archive trouble
E16200,C111,2025-02-16,46879,0.23,0.12,Diverse 24hour capacity itself
E36035,C113,2025-02-16,35137,0.26,0.1,Front-line object-oriented benchmark blue
E39640,C113,2025-02-16,29304,0.28,0.06,Visionary multi-tasking function challenge
E93174,C113,2025-02-16,14258,0.28,0.07,Innovative grid-enabled initiative matter
E69446,C112,2025-02-16,44858,0.32,0.06,Function-based dedicated capacity development
E56283,C112,2025-02-16,44642,0.33,0.07,Optimized non-volatile knowledge user poor
E66924,C112,2025-02-16,26108,0.38,0.06,Reduced system-worthy monitoring own
E53674,C101,2025-02-17,20294,0.36,0.14,Organic discrete task-force agent
E81749,C101,2025-02-17,20345,0.38,0.19,Customizable logistical application natural
E52241,C109,2025-02-17,24785,0.22,0.05,Phased heuristic neural-net young
E32829,C109,2025-02-17,15181,0.36,0.17,Enterprise-wide grid-enabled data-warehouse born
E48364,C109,2025-02-17,19849,0.4,0.19,Realigned regional frame improve
E31771,C111,2025-02-17,18412,0.32,0.17,Front-line homogeneous architecture per
E15279,C102,2025-02-17,48599,0.3,0.16,Business-focused client-server implementation others
E60544,C107,2025-02-17,14237,0.25,0.08,Self-enabling bifurcated frame thousand
E92459,C107,2025-02-17,30387,0.38,0.1,Multi-channeled maximized function serious
E15906,C104,2025-02-17,47039,0.23,0.11,Organic interactive Local Area Network pick
E10711,C104,2025-02-17,30854,0.42,0.05,Reverse-engineered solution-oriented open system area
E10254,C103,2025-02-17,40445,0.2,0.06,Monitored methodical interface so
E36176,C103,2025-02-17,21164,0.38,0.08,Extended clear-thinking pricing structure you
E75390,C108,2025-02-18,16816,0.21,0.08,Cross-group encompassing Graphic Interface town
E65687,C108,2025-02-18,41255,0.21,0.05,Assimilated background success for
E46176,C108,2025-02-18,30689,0.49,0.07,Multi-layered responsive process improvement son
E77806,C101,2025-02-18,35100,0.46,0.11,Adaptive eco-centric archive bar
E29081,C101,2025-02-18,34000,0.41,0.18,Progressive executive implementation particularly
E97861,C101,2025-02-18,17294,0.46,0.23,Devolved maximized core wife
E95531,C105,2025-02-18,27193,0.44,0.15,Synergistic dedicated conglomeration process
E71065,C105,2025-02-18,20694,0.38,0.1,Optional contextually-based time-frame attack
E95531,C105,2025-02-18,20249,0.21,0.08,Streamlined 3rdgeneration product thing
E52918,C107,2025-02-18,31461,0.31,0.13,Total real-time task-force modern
E71666,C107,2025-02-18,45764,0.21,0.1,De-engineered well-modulated adapter player
E12934,C107,2025-02-18,24315,0.38,0.16,Realigned heuristic frame yeah
E36089,C106,2025-02-18,28923,0.27,0.13,Horizontal analyzing knowledge user trial
E43775,C106,2025-02-18,38607,0.33,0.14,Future-proofed explicit info-mediaries whatever
E77708,C106,2025-02-18,42379,0.49,0.17,Multi-tiered bottom-line conglomeration production
E65893,C113,2025-02-18,46498,0.47,0.19,Innovative static support employee
E34007,C113,2025-02-18,14736,0.4,0.06,Pre-emptive methodical collaboration tough
E37448,C113,2025-02-18,21650,0.24,0.08,Fully-configurable actuating strategy yourself
E26497,C111,2025-02-18,49727,0.25,0.09,Front-line high-level adapter vote
E29493,C111,2025-02-18,42383,0.4,0.14,Polarized intangible info-mediaries foot
E60814,C110,2025-02-18,25196,0.48,0.24,Total next generation customer loyalty end
E36586,C101,2025-02-19,30225,0.45,0.16,Stand-alone radical adapter act
E94135,C101,2025-02-19,23879,0.44,0.11,Progressive real-time hierarchy term
E64528,C111,2025-02-19,22415,0.27,0.12,Public-key neutral secured line quality
E80856,C111,2025-02-19,34793,0.38,0.1,Innovative stable conglomeration stay
E72545,C105,2025-02-19,42752,0.47,0.06,Re-engineered real-time solution sure
E59122,C105,2025-02-19,31496,0.46,0.19,Proactive client-server project decision
E21620,C105,2025-02-19,45719,0.38,0.14,Expanded multi-state neural-net concern
E85588,C103,2025-02-19,15530,0.37,0.12,Persistent full-range open architecture back
E47134,C103,2025-02-19,41303,0.28,0.12,Cross-group holistic functionalities relate
E59342,C107,2025-02-19,26185,0.38,0.11,Multi-lateral 24hour interface hotel
E12934,C107,2025-02-19,12832,0.23,0.05,Organized needs-based adapter best
E98434,C112,2025-02-19,47470,0.31,0.15,Reduced modular projection room
E43865,C112,2025-02-19,13295,0.41,0.12,Innovative zero-defect leverage commercial
E88158,C112,2025-02-19,16149,0.28,0.13,Self-enabling intermediate groupware product
E29072,C102,2025-02-19,17944,0.49,0.05,Business-focused tertiary standardization recognize
E45039,C102,2025-02-19,47609,0.37,0.11,Realigned even-keeled instruction set score
E10143,C110,2025-02-19,45713,0.27,0.13,Persistent multi-tasking standardization central
E19788,C110,2025-02-19,38917,0.35,0.1,Open-architected client-server array north
E66554,C110,2025-02-19,18253,0.28,0.05,Sharable dedicated analyzer hit
E79925,C105,2025-02-20,28739,0.45,0.16,Compatible impactful help-desk condition
E50474,C111,2025-02-20,29996,0.34,0.11,Fully-configurable next generation Internet solution project
E81627,C111,2025-02-20,30926,0.37,0.07,Universal full-range synergy many
E51840,C109,2025-02-20,11663,0.46,0.12,Total full-range definition agency
E82305,C109,2025-02-20,16213,0.21,0.08,Stand-alone human-resource Local Area Network must
E51840,C109,2025-02-20,18999,0.44,0.07,Up-sized leadingedge frame daughter
E39236,C112,2025-02-20,40556,0.4,0.12,User-centric incremental approach risk
E16204,C112,2025-02-20,29179,0.34,0.05,Open-architected modular synergy nice
E51388,C112,2025-02-20,16137,0.24,0.08,Up-sized asymmetric adapter score
E11122,C108,2025-02-20,42650,0.26,0.09,Persistent methodical benchmark behavior
E36562,C107,2025-02-20,18626,0.44,0.15,Grass-roots tertiary architecture how
E35946,C107,2025-02-20,41512,0.31,0.07,Organized client-server task-force thank
E92459,C107,2025-02-20,40167,0.21,0.08,Compatible methodical task-force ask
E30530,C113,2025-02-20,15476,0.44,0.18,Operative next generation methodology risk
E70534,C103,2025-02-20,23914,0.41,0.11,Intuitive multi-tasking help-desk operation
E40111,C103,2025-02-20,43119,0.48,0.19,Monitored scalable extranet look
E66367,C103,2025-02-21,48455,0.36,0.18,Managed intermediate knowledge user short
E85948,C103,2025-02-21,16369,0.41,0.09,Exclusive actuating forecast computer
E75391,C102,2025-02-21,21600,0.2,0.06,Monitored 5thgeneration standardization could
E74477,C102,2025-02-21,21108,0.34,0.14,Organized asynchronous standardization old
E76421,C102,2025-02-21,39542,0.42,0.07,Virtual human-resource open system her
E36714,C110,2025-02-21,37541,0.38,0.1,Enterprise-wide neutral architecture energy
E22290,C110,2025-02-21,18748,0.33,0.06,Multi-layered next generation process improvement speech
E56110,C110,2025-02-21,13378,0.25,0.07,Team-oriented client-driven encryption bank
E40450,C106,2025-02-21,48143,0.46,0.05,Switchable secondary software station
E10071,C106,2025-02-21,32194,0.32,0.13,Devolved mission-critical capability most
E62341,C113,2025-02-21,17560,0.36,0.11,Object-based background methodology truth
E52311,C113,2025-02-21,10931,0.32,0.18,Multi-layered clear-thinking contingency she
E64371,C104,2025-02-21,21179,0.32,0.15,Implemented scalable support floor
E71791,C104,2025-02-21,32494,0.46,0.15,Fully-configurable actuating support expert
E53020,C104,2025-02-21,42531,0.26,0.09,Programmable heuristic core occur
E42414,C101,2025-02-21,10124,0.24,0.11,Secured upward-trending capability show
E53674,C101,2025-02-21,36706,0.4,0.08,Triple-buffered 5thgeneration instruction set teacher
E76073,C105,2025-02-22,43963,0.27,0.05,User-centric modular hub surface
E19744,C108,2025-02-22,20393,0.37,0.08,Realigned upward-trending core officer
E37094,C108,2025-02-22,32999,0.45,0.27,Re-contextualized bifurcated matrix up
E88530,C108,2025-02-22,34203,0.33,0.19,Implemented client-driven encryption difficult
E76152,C113,2025-02-22,29445,0.25,0.05,Realigned reciprocal algorithm they
E37448,C113,2025-02-22,33907,0.34,0.17,Configurable solution-oriented flexibility feel
E46778,C109,2025-02-22,10481,0.47,0.07,Balanced leadingedge matrix what
E26540,C109,2025-02-22,47465,0.48,0.21,Synchronized needs-based function site
E58596,C109,2025-02-22,27939,0.29,0.13,Stand-alone 24/7 frame career
E99544,C107,2025-02-22,11240,0.44,0.12,Robust well-modulated collaboration until
E50176,C107,2025-02-22,30386,0.4,0.19,Integrated bandwidth-monitored interface might
E69199,C107,2025-02-22,39662,0.25,0.05,Profit-focused composite success song
E59596,C106,2025-02-22,16683,0.41,0.12,Inverse interactive superstructure southern
E97928,C106,2025-02-22,37550,0.29,0.11,Down-sized multimedia solution leader
E59734,C106,2025-02-22,47555,0.2,0.07,Multi-layered didactic moderator relate
E52241,C109,2025-02-23,27944,0.4,0.14,User-centric 4thgeneration instruction set right
E29547,C107,2025-02-23,23139,0.29,0.12,User-friendly systemic instruction set majority
E34840,C103,2025-02-23,17482,0.26,0.11,Digitized asynchronous orchestration million
E43659,C103,2025-02-23,10848,0.26,0.06,User-friendly systematic project run
E70534,C103,2025-02-23,27998,0.34,0.11,Persistent 4thgeneration infrastructure read
E13015,C111,2025-02-23,28823,0.43,0.11,Focused web-enabled open architecture answer
E60011,C109,2025-02-24,32497,0.33,0.11,Re-engineered didactic flexibility history
E69962,C109,2025-02-24,28649,0.48,0.11,Integrated national process improvement member
E62689,C109,2025-02-24,11099,0.49,0.16,Polarized exuding concept in
E94135,C101,2025-02-24,30605,0.47,0.16,Seamless needs-based monitoring upon
E99997,C101,2025-02-24,22261,0.44,0.15,Proactive national implementation exactly
E29081,C101,2025-02-24,34328,0.22,0.12,Polarized value-added hierarchy most
E28650,C102,2025-02-24,25032,0.27,0.17,Extended 24hour productivity green
E64920,C102,2025-02-24,19892,0.24,0.09,Function-based intermediate hub could
E77434,C112,2025-02-24,27570,0.24,0.09,Streamlined cohesive forecast house
E22203,C112,2025-02-24,37089,0.39,0.16,Enhanced holistic focus group soldier
E84180,C112,2025-02-24,27480,0.23,0.09,Stand-alone high-level solution forget
E70526,C103,2025-02-24,36450,0.26,0.13,Future-proofed content-based hardware challenge
E57696,C103,2025-02-24,12722,0.47,0.18,Extended eco-centric hierarchy them
E69098,C113,2025-02-24,20468,0.47,0.15,Diverse bottom-line capability develop
E79985,C113,2025-02-24,30145,0.23,0.1,Switchable incremental artificial intelligence seek
E73082,C107,2025-02-24,12564,0.44,0.07,Optional grid-enabled architecture company
E90766,C107,2025-02-24,13482,0.24,0.08,Total well-modulated throughput sister
E37907,C105,2025-02-25,14422,0.24,0.11,Automated attitude-oriented capability material
E93239,C109,2025-02-25,12528,0.37,0.12,Optimized optimizing utilization color
E26540,C109,2025-02-25,32303,0.34,0.16,Future-proofed incremental synergy take
E62689,C109,2025-02-25,25300,0.31,0.21,Open-source client-server open architecture myself
E61307,C110,2025-02-25,41657,0.4,0.17,Realigned context-sensitive process improvement everyone
E63506,C110,2025-02-25,16289,0.38,0.05,Focused local toolset hospital
E58297,C110,2025-02-25,33789,0.44,0.07,Multi-layered optimizing productivity exactly
E10983,C112,2025-02-25,39485,0.28,0.14,Streamlined needs-based solution member
E84180,C112,2025-02-25,43952,0.35,0.12,Re-engineered multi-state website that
E50033,C112,2025-02-25,47403,0.35,0.18,Extended discrete conglomeration single
E89542,C113,2025-02-25,22605,0.47,0.22,Mandatory intangible forecast phone
E50300,C113,2025-02-25,37257,0.24,0.11,Optional logistical system engine just
E12966,C113,2025-02-25,21698,0.34,0.06,Configurable multi-state leverage region
E98052,C107,2025-02-25,10921,0.26,0.06,Decentralized optimal parallelism focus
E58172,C103,2025-02-25,49192,0.44,0.26,Universal zero-defect framework democratic
E95089,C103,2025-02-25,41230,0.27,0.07,Innovative exuding portal at
E49130,C108,2025-02-25,40679,0.35,0.09,Proactive actuating adapter strong
E79086,C108,2025-02-25,10473,0.49,0.16,Digitized background projection bit
E79086,C108,2025-02-25,42626,0.45,0.15,Multi-layered multi-state success run
E26238,C106,2025-02-25,16654,0.43,0.12,Versatile 24hour capability voice
E59117,C106,2025-02-25,17669,0.39,0.11,Distributed optimal secured line there
E74972,C110,2025-02-26,28032,0.32,0.13,Synchronized radical complexity up
E70892,C110,2025-02-26,29570,0.48,0.14,Organized intermediate initiative think
E81627,C111,2025-02-26,23437,0.42,0.1,Distributed multimedia challenge not
E71858,C104,2025-02-26,37566,0.35,0.06,Optimized 3rdgeneration software pull
E43279,C107,2025-02-26,27964,0.24,0.1,Persevering composite artificial intelligence anyone
E39107,C107,2025-02-26,20618,0.24,0.09,Fundamental discrete function candidate
E84504,C103,2025-02-26,34744,0.4,0.22,Virtual value-added product staff
E83730,C101,2025-02-27,28822,0.43,0.18,Total analyzing matrices hundred
E58800,C101,2025-02-27,21293,0.42,0.16,Secured web-enabled alliance although
E90374,C101,2025-02-27,19942,0.47,0.29,Vision-oriented secondary website bad
E16194,C108,2025-02-27,31555,0.23,0.08,Horizontal local firmware they
E40380,C109,2025-02-27,24931,0.37,0.18,Right-sized directional portal wish
E32829,C109,2025-02-27,33060,0.38,0.21,Grass-roots modular Graphical User Interface hand
E22257,C104,2025-02-27,36765,0.43,0.18,Cloned clear-thinking knowledge user customer
E46572,C112,2025-02-27,27076,0.37,0.13,Distributed directional secured line recent
E16204,C112,2025-02-27,48848,0.45,0.06,Future-proofed transitional definition rest
E49092,C112,2025-02-27,21508,0.28,0.11,Adaptive motivating definition degree
E29379,C106,2025-02-27,40226,0.23,0.08,Re-engineered human-resource neural-net pull
E34372,C106,2025-02-27,48655,0.41,0.24,Intuitive uniform policy think
E40450,C106,2025-02-27,25118,0.25,0.06,Re-engineered object-oriented portal statement
E41133,C105,2025-02-28,19794,0.26,0.05,Open-architected discrete Graphic Interface dog
E19514,C105,2025-02-28,43707,0.39,0.2,Expanded radical Graphical User Interface reveal
E83912,C105,2025-02-28,23910,0.25,0.17,Grass-roots fresh-thinking system engine production
E90374,C101,2025-02-28,24009,0.38,0.12,Stand-alone object-oriented methodology seek
E45236,C110,2025-02-28,41932,0.27,0.11,Enterprise-wide next generation archive trade
E33820,C107,2025-02-28,17642,0.45,0.14,Face-to-face high-level Internet solution cell
E27221,C107,2025-02-28,17287,0.3,0.11,Optimized bandwidth-monitored Graphic Interface the
E39107,C107,2025-02-28,28774,0.32,0.11,Optimized 24/7 implementation answer
E16033,C112,2025-02-28,42146,0.43,0.09,Managed bifurcated protocol cut
E15279,C102,2025-02-28,17468,0.22,0.06,Expanded coherent initiative leader
E14211,C102,2025-02-28,22878,0.36,0.19,Stand-alone web-enabled software recognize
E26263,C103,2025-02-28,44051,0.23,0.09,Triple-buffered zero tolerance emulation thousand
E71558,C103,2025-02-28,22601,0.44,0.06,Virtual asynchronous utilization plant
E51958,C103,2025-02-28,46704,0.31,0.05,Synergistic well-modulated instruction set across
E43231,C111,2025-02-28,14404,0.31,0.15,Seamless client-driven moratorium network
E40869,C111,2025-02-28,38343,0.35,0.06,Networked real-time help-desk stock
